{
  "auc_pr": 0.7497112066859635,
  "auc_roc": 0.9769672331678795,
  "threshold": 0.125,
  "precision": 0.49542857142857144,
  "recall": 0.7758389261744967,
  "f1": 0.6047079337401918,
  "best_threshold": 0.5201684832572937,
  "best_f1": 0.6962233169129721,
  "tn": 94048,
  "fp": 1766,
  "fn": 501,
  "tp": 1734,
  "n_frames": 98049,
  "prevalence": 0.022794725373387337
}