{
  "auc_pr": 0.7251798735545132,
  "auc_roc": 0.9730257598743351,
  "threshold": 0.125,
  "precision": 0.429100790513834,
  "recall": 0.7771812080536913,
  "f1": 0.5529205793410791,
  "best_threshold": 0.49767187237739563,
  "best_f1": 0.6834884860362568,
  "tn": 93503,
  "fp": 2311,
  "fn": 498,
  "tp": 1737,
  "n_frames": 98049,
  "prevalence": 0.022794725373387337
}