{
  "auc_pr": 0.7495695659847906,
  "auc_roc": 0.9667729478100957,
  "threshold": 0.125,
  "precision_at_ref_thr": 0.4396614268440145,
  "recall_at_ref_thr": 0.8134228187919463,
  "f1_at_ref_thr": 0.5708006279434851,
  "best_threshold": 0.46418190002441406,
  "best_f1": 0.7128616581570629,
  "tn": 95402,
  "fp": 412,
  "fn": 769,
  "tp": 1466,
  "n_frames": 98049,
  "prevalence": 0.022794725373387337
}