{
  "auc_pr": 0.6421240554421973,
  "auc_roc": 0.9668491978002309,
  "threshold": 0.125,
  "precision": 0.20579187440330965,
  "recall": 0.8680089485458613,
  "f1": 0.3327045103755788,
  "best_threshold": 0.4957379698753357,
  "best_f1": 0.6048824593128391,
  "tn": 88327,
  "fp": 7487,
  "fn": 295,
  "tp": 1940,
  "n_frames": 98049,
  "prevalence": 0.022794725373387337
}