{
  "auc_pr": 0.5823835790651468,
  "auc_roc": 0.9659988295742089,
  "threshold": 0.125,
  "precision": 0.1104225352112676,
  "recall": 0.9646532438478748,
  "f1": 0.19816176470588234,
  "best_threshold": 0.40096691250801086,
  "best_f1": 0.5756233978093684,
  "tn": 78445,
  "fp": 17369,
  "fn": 79,
  "tp": 2156,
  "n_frames": 98049,
  "prevalence": 0.022794725373387337
}